title,releaseYear,genre
House on Haunted Hill,1959,"Horror, Thriller, Ghost"
His Girl Friday,1940,"Comedy Of Remarriage, Comedy Drama, Drama"
Reefer Madness,1938,"Exploitation, Drama, Propaganda"
Public Domain Movies,,
Abraham Lincoln,1930,
Nazi Concentration Camps,1945,Documentary
CUKESIM's New Job! ( Charles Chaplin-1915),,
The Child Molester (1964),,
Bloody Pit of Horror,1965,"Thrash Metal, Groove Metal, Doom Metal"
Suddenly,1954,
The Phantom of the Opera,1925,
Gulliver's Travels,1939,"Political Satire, Fantasy, Nautical Fiction"
Dressed To Kill,1946,"Neo-Noir, Horror, Erotic Thriller"
"20,000 Leagues Under the Sea",1916,"Science Fiction, Nautical Fiction, Scientific Romance"
Beat the Devil (1953),,Action Game
Recurring Dinosaur Infestation Films,,
My Favorite Brunette,1947,"Romantic Comedy, Film Noir"
Grave of the Vampire,1974,"Horror, Vampire"
Scarlet Street,1945,"Crime, Drama, Film Noir"
The Lost World,1925,"Fantasy Television Series, Adventure Television Series"
Impact,1949,
Meet John Doe,1941,"Romantic Comedy, Comedy Drama, Christmas"
The Flying Deuces,1939,"Comedy, Buddy"
"Little Princess, The",1939,
The Iron Mask,1929,"Drama, Silent, Swashbuckler"
Cosmos: War of the Planets,1977,"Science Fiction, Adventure"
Horror Express,1973,"Horror, Science Fiction, Mystery"
Quicksand,1950,"Action Game, Casual Game"
DOUBLE FEATURE HELL 2 (the grindhouse experience).,,
"The Three Stooges - ""Color Craziness"" ""Color Craziness"" - The Three Stooges",,
Carnival of Souls,1962,
Mr. Robinson Crusoe,1932,"Adventure, Comedy"
Penny Serenade,1941,Romantic Drama
Santa Fe Trail,1940,
Horror Express,1976,"Horror, Science Fiction, Mystery"
Great Expectations (1946),,"Black Comedy, Bildungsroman"
War of the Wildcats - John Wayne (1943),1943,
Frankenstein,1910,
Detour,1945,Cantopop
Inner Sanctum,1948,"Synth-Pop, Dance-Pop"
Africa Screams,1949,Comedy
Angel on My Shoulder,1946,Fantasy
Calendar Girl,1948,Brill Building
Triumph of the Will (German: Triumph des Willens),,"Documentary, Propaganda"
Sword of Lancelot,1963,"Adventure, Fantasy, Romance"
Star Wreck: In the Pirkining,2005,
1968 Weg zum Nachbarn (Way to the Neighbour),1968,
City of the Dead/Horror Hotel,1960,
Rockstar ( 2011),2011,
Please Murder Me,1956,
Planet Outlaws,1953,
"Adı Vasfiye, Turkish Movie",1985,
DOUBLE FEATURE HELL 6 (Grindhouse 2),,
"Charlie Chaplin's ""Tillies Punctured Romance""",1914,
"Charlie Chaplin's ""Kids Auto Race At Venice""",1914,
Angel and the Badman,1947,"Western, Romance"
White Zombie,1932,"Groove Metal, Industrial Metal, Noise Rock"
Gone with the West,1975,Western
Scrooge,1935,"Musical, Fantasy, Christmas"
Jack and the Beanstalk,1952,"Fantasy, Adventure, Silent"
Night of the Living Dead,1968,"Horror, Science Fiction Horror, Zombie"
MADAME AND HER NIECE(1969),1969,"Drama, Erotic"
Behind Green Lights,1946,"Mystery, Crime"
Attack of the Giant Leeches,1959,"Horror, Monster, Science Fiction"
Assignment Outer Space,1960,
Battle Of The Worlds 1961,,
Dishonored Lady,1947,"Crime, Drama"
The General (complete & clearer) (1926),1926,
Doomsday Machine (1972),,Science Fiction
The Phantom Planet,1961,"Science Fiction, Monster"
The General,1927,
The Holy Ghost People,1967,Documentary
My Man Godfrey (1936),,Romantic Comedy
First Spaceship on Venus,1960,"Science Fiction, Adventure"
Fighting Caravans (1931),,Western
The Ghost Train,1941,Silent
ANGEL AND THE BADMAN video quality upgrade,,
Raiders of Old California,1957,Western
Hercules Unchained,1959,"Fantasy, Adventure, Sword And Sorcery"
"Fed Up! Genetic Engineering, Industrial Agriculture, and Sustainable Alternatives",,
Atom Age Vampire,1960,Horror
"Charlie Chaplin's ""A Fair Exchange""",1914,
Rifle Marksmanship with the M1 Rifle,1942,
The Streetfighter (1974),,"Action, Drama, Boxing"
"Buster Keaton's ""Cops"" (1922)",1922,
Just The Two Of Us [1970],,
The Ten Commandments / Blu-ray / x264 / MKV / 720p / Commentary,1923,
Prisoners Of The Lost Universe (1983),,"Science Fiction, Adventure"
White Zombie,1932,"Groove Metal, Industrial Metal, Noise Rock"
Star Odyssey (Italian Star Wars) 1979,,
The Yesterday Machine (1963),,Science Fiction
Things to Come,1936,"Drama, Comedy"
Zouzou AKA Zou Zou,1934,
Nosferatu_DVD_quality,1922,
Rogue's Tavern,1936,
Rhythm and Blues Revue,1955,Concert
Sabotage,1936,"Hip-Hop, Hardcore Punk"
Tom and Jerry: Wot A Night,,
King of the Zombies,1941,"Comedy Horror, Zombie"
Gulliver's Travels [720p],1939,
Made for Each Other,1939,"Romantic Comedy, Comedy Drama, Drama"
Driller Killer-Uncut,1979,
Flash Gordon: The Movie,,
Satan's Cheerleaders ( 1977),1977,"Comedy Horror, Horror"
Blonde Ice (1948),,"Crime, Film Noir, Drama"
DOUBLE FEATURE HELL 8 (Grindhouse 3),,
The Sons of Hercules: Land of Darkness,1963,
The Chase,1946,Stage And Screen
THE WILD WOMEN OF WONGO video quality upgrade.,,
The Wizard Of Oz 1925,,
Hellhole (1985),1985,Science Fiction
Hot Rod Girl,1956,Action
Reign of the Fallen,2006,
Beyond The Valley Of The Dolls(1970) BD RIP,1970,
One Week,1920,"Comedy, Silent"
Jugendspiele AKA Games of Youth,1906,
Private Buckaroo,1942,Musical
David and Goliath (1960),1960,
Virgin Witch(1972) 1080p BD RIP,1972,
The Proud and the Damned,,Adventure
Double. Indemnity. 1944.720p. Br Rip.x 265. HEVCBay.com.mkv,,
Kansas City Confidential,1952,"Drama, Crime, Film Noir"
Nekromantik(1987) ENGLISH HARD SUB,1987,
Malice in the Palace,1949,
The Snow Queen (Animation),1959,
Samsara - Pan Nalin,,
Tonightandeverynight,,
A Bucket of Blood (1959),,
The Invincible Gladiator (1962),1962,
"Silent Night, Bloody Night",1974,
Call of the Yukon,1938,
The Scarlet Pimpernel,1934,
German_SniperTraining-video1944,1944,
INVASION OF THE BEE GIRLS widescreen & quality upgrade.,,
The General,1927,
The File On Thelma Jordan,1950,
King Solomon's Mines (1937),,"Lost World Fiction, Adventure Fiction"
Lil' Abner,1940,
Carnival of Souls (1962),,
British Intelligence,1940,
Sunset Boulevard (1950),,"Drama, Flashback, Film Noir"
Last Man on Earth-hd,,
Terror By Night,1946,"Crime, Mystery"
The Green Glove,1952,"Drama, Film Noir"
His Girl Friday - 1940,,
Sherlock Holmes and the Secret Weapon (1943),,"Crime, Mystery, Spy"
Love Camp 7 (1969),1969,"Exploitation, Nazi Exploitation"
Pulse (Kairo) 2001 (ENG Sub),,
The Lawless Frontier (1934),,B Western
Diary Of A Nudist (widescreen),2015,"Exploitation, Lgbtq-Related, Sexploitation"
Eraserhead (1977),,"Body Horror, Independent, Experimental"
The Mysterious Rider AKA Mark of the Avenger,1938,
The Grapes Of Wrath ( 1940),1940,Historical Fiction
"The Killers (1946) Burt Lancaster, Ava Gardner, Edmond O' Brien - Film Noir Full Movie",1946,
Philo Vance - The Kennel Murder Case,1933,
Night Of The Living Dead,1968,"Horror, Science Fiction Horror, Zombie"
Decay (2012) - The LHC Zombie Film [full film],2012,
The Big Switch(1968) 1080p,1968,
Hercules Against the Moon Men,1964,Fantasy
Boys of the City,1940,"Comedy Thriller, Horror"
The Phantom Planet,1961,"Science Fiction, Monster"
Don't Look in the Basement,,"Horror, Psychological Horror Fiction"
Daniel Boone (1936),,
House on Haunted Hill (1959),,"Horror, Thriller, Ghost"
"Laura (1944) Dir: Otto Preminger, Starring Gene Tierney, Dana Andrews, Clifton Webb, Vincent Price, Judith Anderson.",1944,
Hercules Unchained,1960,"Fantasy, Adventure, Sword And Sorcery"
L'avare ( 1980),1980,Comedy
1975 Flügelschlagen (wing flapping),1975,
Star Wars 1977,,
Curse of the Swamp Creature (1966),,"Horror, Science Fiction"
Esther and the King,1960,"Sword-And-Sandal, Romance"
A Christmas Carol (1910),,Christmas Fiction
Behind Green Lights,1946,"Mystery, Crime"
Zontar the Thing From Venus,1966,
Nevada City,1941,
Peliculas de Chaplin - 1914,,
Grazie Nonna Lover Boy ( 1975) Full Movie Italian,,
The Amazing Transparent Man (1960),,"Science Fiction, Horror"
Two Fisted Law with Tim McCoy and John Wayne (1932),1932,
The Naughty Cheerleader.1970.TVRIP.x264-CG,1970,
Horror Hotel (1960),,"Adventure Video Game, Text Adventure"
Fear in the Night,1947,"Horror, Psychological Horror Fiction"
The Corporation - Filmmakers Official Download Edition,2003,
Kansas Pacific,1953,Western
The Night of Counting the Years,1969,Drama
The Big Combo,,"Crime, Film Noir, Drama"
"Arzu, Turkish Movie",,
The Trail Beyond (1934),,"Drama, B Western, Action"
Gods Gun KVCD-001,1976,
Captain Calamity,1936,"Adventure, Treasure Hunt"
Baden verboten AKA Bathing Forbidden,1906,
The Proud And The Damned-1972,1972,
The Mighty Thor Against The Queen Of The Amazons (aka Thor And The Amazon Women) - English,,
Dawn of the Great Divide,1942,
Charlie Chaplin's Triple Trouble,1918,
Felix The Cat The Movie ( 1988) 1080p UPSCALE,1988,
Black Dragons,1942,"Science Fiction, Spy, Propaganda"
Der Todesking(1990) BD RIP,1990,
Indestructible Man,1955,
Wolf Blood 1925,,
CARNIVAL OF SOULS video quality upgrade,,
Affairs of Cappy Ricks,1937,Comedy Drama
Timetable (aka Time Table),1956,
"Silent Night, Bloody Night (WideScreen/Uncut)",1972,"Horror, Slasher, Christmas"
The Big Combo,1955,"Crime, Film Noir, Drama"
Little Lord Fauntleroy,1936,
My Love for Your (AKA Honeymoon in Bali),1939,
War Babies,1932,
Underground Rustlers,1941,
The Pay Off (1935),1935,
Charlie Chan's Secret (1936),,
The Range Feud (1931) - Buck Jones and John Wayne,1931,
Lion of the Desert (Umar al Mukhtar) 1,,
Barefoot Boy,1938,
"Frankenstein (restored) (1931, pre-code horror, expressionist cinema, imdb score: 7.8)",,
Roarin' Lead (1936),,
VAMPYR (1932),,
"1933 - Der Sieg des Glaubens - Reichsparteitag 1933 (1h 01m, 720x576, EN Untertitel)",,
The Return of The Shadow (1945),,
Werewolf of Washington,1973,
"Mr. Wong, Detective",1938,Crime
"""The Three Stooges"" Failed Pilot",1949,
Million Dollar Weekend,1948,
All About Eve (1950),1950,
Horror Express (with spanish subtitles),1973,"Horror, Science Fiction, Mystery"
Airborne,1962,"Casual Game, Adventure Video Game"
Second Chorus,1940,"Musical, Romantic Comedy"
Steal This Film 2,2007,
Dick Tracy Meets Gruesome,1947,Crime
Against a Crooked Sky (1976),1976,"Western, Drama"
The Panic in Needle Park (1971),1971,Drama
Dora's Dunkin Donuts,1933,
Dead People,1973,
Fuck Toute (Pourquoi travailler ?),2005,
Dracula 1931 colorized (Bela Lugosi),1931,
Schleiertanz AKA The Veil Dance,1906,
Five Minutes to Live / AKA Door-to-Door Maniac,1961,"Heist, B Movie, Flashback"
Attack of the Mushroom People (1963),,"Horror, Science Fiction, Kaiju"
Hell's House,1932,"Drama, Film Noir, Prison"
Randy Rides Alone (1934),,B Western
Gu-Ho-Ast-1989,,
Eisenstein - October,,
Warning From Space (AIP-TV version 1963),,"Science Fiction, Adventure"
The Beach Girls(1982),1982,Sex Comedy
2021,2022,
Old Barn Dance (Gene Autry),,Western
Crossroads Blues,2010,
The Bat,1959,
Dead Poets Society 1989,,
The Four Horsemen of the Apocalypse,1921,Survival Horror
Red.Blooded.American.Girl.1990.DVDRip.x264-HANDJOB,1990,
"Charlie Chaplins ""A Film Johnnie""",1914,
Karate Kids USA (aka The Little Dragons),1979,Action
MAG 104 movie,,
Eternally Yours,1939,"Hard Rock, Punk Rock"
Detour,1945,Cantopop
The Nasty Rabbit 1964,1964,
"""Thriller"" The Return of Andrew Bentley",1961,
How To Lose A Wife And Find A Lover ( 1978),1978,Comedy
The Little Shop of Horrors,1960,"Comedy Horror, Science Fiction, Comedy"
broken blossoms (1919),,"Romance, Silent, Drama"
Horrors of Spider Island,1962,"Horror, Monster, Science Fiction"
Scarface ( 1932),1932,"Southern Hip-Hop, Gangsta Rap, Hardcore Hip-Hop"
Santa Claus (versus the devil),,
Topper - Henrietta Sells The House,1953,
King Lear Orson Welles,,
Frankenstein: The Movie (1974) - Boris Lugosi,,
Teenagers From Outer Space (1959),,"Horror, Science Fiction"
The Sphinx - 1933,,
Scared to Death,1947,"Society And Culture Podcast, Fiction Podcast, True Crime Podcast"
Creature From The Haunted Sea (1961),,"Monster, Parody, Comedy Horror"
Thanks For The Memories (Bob Hope Special),1964,
The Haunted House (1921),,"Adventure Television Series, Horror Television Series, Horror Television Program"
His Private Secretary (1933),,Romantic Comedy
"Charlie Chaplin's ""Caught in a Caberet""",1914,
At Midnight I Will Take Your Soul,1964,
The Little Shop of Horrors (1960),,"Comedy Horror, Science Fiction, Comedy"
Sword And The Dragon (1960),,
The Vampire Bat,1933,"Horror, Vampire, Mystery"
Beast Of Borneo 1934,,
The Vampire Bat (1933),,"Horror, Vampire, Mystery"
"Shadow of a Doubt (1943) Dir:Alfred Hitchcock, Starring Teresa Wright, Joseph Cotten",1943,
Submarine Base (1943),,
Here Comes Trouble 1948,1948,
Day the Earth Stood Still 1951 colorized (Michael Rennie),1951,
"Charlie Chaplin's ""A Busy Day""",1914,
Trauma (1962),,
Triumph Of The Will (Triumph Des Willen),,"Documentary, Propaganda"
Mr. Scarface (1976),,
Alice in Wonderland,1915,"Pornographic Parody, Fantasy, Erotic"
THE NORTH STAR video quality upgrade,,
The Last Time I Saw Paris,1954,
The Three Stooges in Three Little Beers,,
Monstrosity AKA / The Atomic Brain,1964,
Maniac,1934,
Tarzan the Fearless (1933),,
Rage at Dawn,1955,
Lost in the Stratosphere,1934,
The Brain That Wouldn't Die,1962,
The Terror (Widescreen 720p HD),,
Bullet 1996 Film (Unrated DVD version),,
Suddenly,1954,
"Spellbound (1945) Director: Alfred Hitchcock Starring Ingrid Bergman, Gregory Peck - Film Noir",1945,
Beyond The Door 1974,,
The Days of Limbo,2004,
Scared To Death (with spanish subtitles),1963,"Society And Culture Podcast, Fiction Podcast, True Crime Podcast"
LADY WHIRLWIND 1973,,
Haider ( 2014),2014,
The Killing (1956),1956,"Drama Television Series, Neo-Noir, Mystery Television Series"
Manos: The Hands of Fate,1966,"Horror, Z Movie"
To Know a Jedi - Movie,2003,
07 Spooks Run Wild,2015,
Peliculas de Chaplin - 1915,,
Dracula vs. Frankenstein (aka Assignment: Terror) - Fullscreen,,
Fleshpot On 42nd Street(1972) BD RIP,1972,
"Kiss Me Deadly (1955, ) Dir: Robert Aldrich Featuring Ralph Meeker - Film Noir",1955,
Jane Eyre,1970,"Education Novel, Autobiographical Novel, Gothic Fiction"
49TH PARALLEL video quality upgrade,,
Desert Escape,1940,Crime
Manhunter (1986),1986,"Action Game, Adventure Video Game, Role-Playing Video Game"
Father's Little Dividend,1941,Romantic Comedy
Guest in the House (1944),,
The Stranger (720p HD),1946,Horror Fiction
Driller Killer (1979),,Hardcore Punk
Ninja Death Trilogy,1987,
The Eruption of Mt St Helens,,
Alice In Wonderland 1933,,
Jurassic Park 1993,,
"""Asphalt ""[1929]",,
Santa Fe Trail--HD quality upgrade,1940,
Love Laughs at Andy Hardy,1946,Romantic Comedy
The Monolith Monsters ( 1957),,"Science Fiction, Monster, Horror"
Kansas City Confidential (720p HD),,"Drama, Crime, Film Noir"
Gangster Story,1960,Drama
Forgotten (1933),1933,
12 Kid Dynamite,2015,
Speak Easily,1932,Musical
"""2 A.M. in the Subway"" (1905) cinematographer Billy Bitzer",1905,
I Bury The Living (1958),,"Horror, Zombie"
Zontar the Thing from Venus (Restored),1966,
The Sweet Pussycats( 1969),1969,
Bank Alarm,1937,"Drama, Romance"
The Saint: TV Series & Movies Archive,1962,
Sabrina (1954),1954,
Bikini Summer Trilogy (1991 - 1997) [worldmkv],,
Girl From Monterey,1943,
Horror Express (HD),1972,"Horror, Science Fiction, Mystery"
They Made Me a Criminal (1939),,"Drama, Crime, Film Noir"
Les Vampires (1915) directed by Louis Feuillade,,
The Beatniks,1960,Rock Music
Paradise Isle,1937,"Drama, Romance"
So This is Washingtom,1943,
Lady Vengeance ( 2005),2005,"Drama, Thriller, Crime"
"Capture, The",1950,
Dreaming Out Loud (1940),,Alternative Rock
I Eat Your Skin (1970),,"Horror, Zombie, Science Fiction"
This is the Army,1943,"Comedy, Musical, War"
Manhattan Tower 1932 Restored,1932,
BRIDE OF THE GORILLA complete & video quality upgrade,,
Home Town Story,1951,Drama
Mujhse Dosti Karoge 2002 Dv Drip X 264 DTS... Hon 3y,,
11 Neath Brooklyn Bridge,2015,
Mad Max(1979) BD RIP,1979,
Jason And The Argonauts (1963),1963,"Fantasy, Adventure, Action"
The Hands of Orlac (1924),,"Horror, Fantasy, Science Fiction"
The Driller Killer - 96 Minute Uncut Version,,
Night of the Living Dead (1968) - restored,,
"Charlie Chaplin's ""The Fireman""",1916,
The Painted Desert (1931) Clark Gable,,
"PARLOR, BEDROOM AND BATH video quality upgrade",,
Shrimps for a Day (1934),,Comedy
Scarlet Street 1945 HD,,
LADY OF BURLESQUE image quality upgrade,,
Jennifer.1978.1080p.BluRay.DTS-HD.x264-BARC0DE,1978,
Man In The Attic (with spanish subtitles),1953,
Earthworm Tractors 720,,
Hot Love ( 1985),1985,
"""A Bear, a Boy and a Dog"" (1921)",1921,
The Wild And Wicked AKA Flesh Merchant,,
Gentlemen Prefer Blondes (1953) Os Homens Preferem as Loiras,,
Harakiri (1919) (Fritz Lang),,
Scenes From A Marriage (1974),1974,
The Rebel Set (1959),,
"1944 - Junge Adler (1h 41m, 368x272)",,
Peter Gunn - The Fuse,1959,
Three Broadway Girls,,
Weibliche Assentierung AKA Female Conscripts,1908,
"TEXAS, BROOKLYN AND HEAVEN video quality upgrade",,
"1940 - Der Ewige Jude (1h 10m, 352x256)",,
Lion of the Desert (Umar al Mukhtar) 2,,
Hal Roach's Little Rascals The First Seven Years,,
One Body Too Many,1944,"Parody, Comedy Horror"
Terror By Night-HD,,
Star Wreck: In the Pirkinning [VOScastellano],2005,
"""1776, or The Hessian Renegades"" (1909) director D. W. Griffith",1776,
Vengence of the Zombies,,
THE LOST WORLD complete & video quality upgrade,,
Sunday Calm 1923 Our Gang Silent Film,,
The Street Fighter Trilogy Triple Feature,,
The Screaming Skull (HD),1958,Horror Fiction
Fit for a King,1937,"Adventure Video Game, Role-Playing Video Game, Simulation Video Game"
International Crime,1938,
Invisible Ghost (1941),,Horror
"Charlie Chaplin's ""The Champion"" (1915)",1915,
Dressed To Kill-HD,,
"""The Flapper"" (1920) starring Olive Thomas",1920,
Abraham Lincoln ( 1930) Walter Huston RESTORED,1930,
Zwenigora (Звенигора),,"Silent, Drama"
One Body Too Many,1944,"Parody, Comedy Horror"
Sherlock Holmes 1954,,
"LIANE, JUNGLE GODDESS video & audio upgrade",,
"""Nanook of the North"" [1922]",,
Night of the Living Dead iPod and Flash video versions,1968,
The Devil's Hand (1962),,Slasher
A Star Is Born (1937) high quality print,1937,
"Bride of Frankenstein (restored) (1935, expressionist cinema, imdb score: 7.8)",,Action Game
Valley Of The Dolls(1967) BD RIP,1967,
In the Year 2889 (1967),,"Social Science Fiction, Science Fiction, Futuristic Fiction"
"Charlie Chaplin's ""Charolot Gargon De Theater"" ( The Property Man)",1914,
"Charlie Chaplin's ""The Bond""",1918,
Police Patrol,1933,
The Brain That Wouldn't Die Theatrical Version (82 min.),1962,
The Amazing Transparent Man,1960,"Science Fiction, Horror"
The Ape 720p 1940,,
CAPTAIN KIDD video quality upgrade,,
His Girl Friday iPod,1940,
Becky Sharp (1935),,Drama
Nayakan ( 1987),1987,"Drama, Crime"
City Without Men (1943),,"Drama, Prison"
The Phantom Of Liberty 1974,,
"1933 - Die Nuernberger Reichsparteitage der NSDAP aus den Jahren 1927, 1929 und 1933",,
Alfred Hitchcock Trailer Collection,2009,
Battleship Potemkin 1925,,
Cowboy And The Indians (Gene Autry),,Western
Snake People,1971,
The Devil Bat 720p 1940,,
Atom Age Vampire (1960),,Horror
EnemyofWomen,,
2021-8-27-tmp0x-541986524940,,
10 Smart Alecks,2015,
The_Navy_Way_(1944),,
"Charlie Chaplin's ""His Favorite Pasttime""",1914,
Whispering City (1947),,"Film Noir, Drama"
THE CITY OF THE DEAD video quality upgrade,,
The Kid Auto Race in Venice,1914,"Silent, Comedy"
Der Traum der Bildhauers AKA The Sculptors Dream,1906,
My Favorite Burnette iPod Version,1947,
The Real Bruce Lee (1973),,"Documentary, Martial Arts, Bruceploitation"
God's Gun,1976,Spaghetti Western
DANIEL DAY-LEWIS STARRING MOVIES,2021,
Walk the Dark Street (1956),,"Drama, Crime"
AELITA: QUEEN OF MARS (original version).,,
My Bloody Valentine(1981)DC REMASTERED,1981,
Bill and Coo (1948),,Fantasy
"1996 El Periodo Especial (Cuba 1993, Fidel Castro)",1996,
Lost in the Wash,2006,
"Buster Keaton's ""The Play House"" (1921)",1921,
"Frankenstein 1931 colorized (Colin Clive, Boris Karloff)",1931,
1985 Anziehen (To dress),1985,
The Private Life of Henry VIII (1933),,"Biographical, Drama"
Violence Jack ALL OVA'S 1986-1990,1986,
"""The Beloved Rogue"" (1927) starring John Barrymore and Marceline Day",1927,
Destroy All Planets (1968),,
Three Guys Named Mike (1951),,Comedy
Atom Age Vampire (HQ),2015,Horror
The Miracle Worker (1962),1962,"Biographical, Drama"
"1933 - SA-Mann Brand - Ein Lebensbild aus unseren Tagen (1h 34m, 640x480)",,
The Human Condition ( Parts 1 & 2),1959,Progressive Rock
1967 Der Finger (The Finger),1967,
Return to Treasure Island- Quality Widescreen,,
Unknown World 1951,2015,
SpiderBabe (2003),2003,
Tulsa (1949),,
Dementia / Daughter of Horror (1955),,
Invisible Ghost,1941,
THE GIANT OF METROPOLIS (1961),,
BY APPOINTMENT ONLY ( 1933) Lew Cody,,
Breakfast in Hollywood,1946,
Sahara 1943 colorized (Humphrey Bogart),1943,
"rapacità (greed, 1924)",,
I Cover the Waterfront (1933),,
Colgate Comedy Hour - Abbott and Costello and Company,1951,
Horror Express (1972),1972,
Das eitle Stubenmdchen AKA The Vain Housemaid,1908,
Strangers On A Train 720p,,
1933 - Deutschland erwacht - Ein Dokument von der Wiedergeburt Deutschlands,,
"Mr ED ""Wilbur Gets The Message... About Payroll Savings!""",1964,
The General 1926,,
02 Boys Of The City,2015,
"1933 - Hans Westmar - Einer von vielen (1h 32m, 352x288)",,
05 Flying Wild,2015,
"Luigi Cozzi's Godzilla ( Cozzilla, 1977) Geno Cuddy Restoration",1977,
"1941 - Heimkehr (1h 28m, 640x480)",,
Valmont (1989),,
Man Behind The Sun ( 1988) Unit 731 ( HD Version & English Subtitles),1988,
The Adventures of Superman,,"Radio Series, Superhero Radio Program"
The Addams Family (Season 1),,
1967 Oben / Unten (Up / Down),1967,
"Charlie Chaplin's ""Laffing Gas"" aka Laughing Gas",1914,
Sister Streetfighter (1974),,
Little Shop Of Horrors-HD,,
"""A Child Of The Ghetto"" (1910) director D. W. Griffith",1910,
The Fat Man (1951),,
Killer's Kiss (1955),1955,"Film Noir, Drama, Boxing"
RAGGEDY ROSE (1926),,"Silent, Comedy"
Zane Grey's To the Last Man (1933) - Randolph Scott,,
Scrooge,1935,"Musical, Fantasy, Christmas"
06 Bowery Blitzkrieg,2015,
"Buster Keaton's ""Convict 13"" (1920)",1920,
Popeye Colorized Collection (incomplete),1987,
Johnny O' Clock (1947),,
VIP. 61,,
Her Uncle Sam,1935,"Romantic Comedy, Comedy Drama"
John Parker's DAUGHTER OF HORROR (1955),,
W.C. Fields - The Dentist,,
Detour (iPod),1945,Cantopop
Alice in Wonderland 1915,,
Boy! What a Girl!,1947,Musical Comedy
The Three Stooges - Color Craziness!,2005,
Non Stop New York 1937,,
"Buster Keaton's ""My Wife's Relations"" (1922)",1922,
The Fall of the House of Usher (1928),,"Gothic Fiction, Horror Fiction"
Z (1969) (ENG Sub),1969,
"Charlie Chaplin's ""Charlott Et Le Mannequin"" (Mabel's Married Life)",1914,
04 Pride Of The Bowery,2015,
REMBRANDT video quality upgrade,,
A Fool There Was,1915,"Drama, Silent"
Detour 1945 Colorized,1945,
The Stars Look Down (1940),,Science Fiction
"1933 - Deutschland erwacht - Ein Dokument von der Wiedergeburt Deutschlands (54m 14s, 352x288)",,
Night of the Blood Beast (1958),,"Horror, Science Fiction"
VIOLENCE JACK ALL OVAs(1986-1990) WIDESCREEN,1990,
Mr. Moto's Last Warning (complete & upgraded),,Mystery
Peck's Bad Boy,,"Comedy, Silent"
Frankenstein ( 1931) English FULL HD,1931,
"Charlie Chaplin's ""The Fatal Mallet""",1914,
Assignment Outerspace 16x9,,
The Complete Robocop Four Film Collection,1987,
THE HUNCHBACK OF NOTRE DAME ( 1923) Lon Chaney,,
Amadeus (1984),,
Black Devil Doll From Hell(1984) EXTENDED VERSION DVD RIP,1984,
"Charlie Chaplin's ""The Landladys Pet"" aka The Star Boarder",1914,
War of The Monsters 1966,,
La ciociara - Two Women (1960),,
A Woman Under The Influence (1974),1974,"Drama, Art"
"STEAMBOAT BILL, JR. ( 1928) Buster Keaton",,
FIRE OVER ENGLAND video quality upgrade,,
Sita Sings the Blues Files,2008,
HIGH SCHOOL BIG SHOT (1959),,"Drama, Crime"
Filmography: Woody Allen,1935,
THEY'RE BACK AT THE BIJOU! (double feature),,
One Two Three (1961),,Comedy
"Charlie Chaplin's ""Mabel's Busy Day""",1914,
Captain Z-ro,1955,"Science Fiction Television Program, Children'S Television Series"
Gungala La Pantera Nuda ( 1968),1968,Adventure
The Seventh Seal (1957),,"Fantasy, Drama, Historical"
A Bucket of Blood (1959),,"Comedy Horror, Horror, Comedy"
The Wizard Of Oz 1925 with Oliver Hardy,1925,
"Charlie Chaplin's ""His Prehistoric Past""",1914,
"23 Studio One Sentence Of Death August 17, 1953",1953,
Attack of the Giant Leeches (1959),,"Horror, Monster, Science Fiction"
"Double Indemnity (restored) (1944, noir, imdb score: 8.3)",,"Crime, Flashback, Film Noir"
"Charlie Chaplin's ""The Adventurer"" (1917)",1917,
THE CASTLE OF DOOM (1934),,
"Ida Lupino's ""THE HITCH-HIKER"" (1953)",,
"Gilda (1946) Rita Hayworth, Glenn Ford, George Macready",1948,
THE PALEFACE ( 1922) Buster Keaton,,
Destroy All Monsters (AIP version - HD reconstruction),1969,
Gullivers Travels theatrical HD,,
The Light Of Faith,1922,
House Of Mystery 1934,,
Virgin Witch(1972),1972,
The Day the Earth Stood Still -1951,1951,
"Felicia, Les Mille Et Une Perversions De Felicia 1975 John Roche, Batrice Harnois, Eva Khris, Marlene Myller, Mary Mendum, Nicole Daudet + Max Pecas",1975,
DRÁCULA. 1931. HD.,1931,
"1937 - Gebt mir 4 Jahre Zeit - Des Fuehrers Kampf fuer Volk und Reich (16m 25s, 384x288)",,
Clockwork Orange 1971,,
Tarantula 1955 colorized (John Agar),1955,
The Little Shop of Horrors (1960),,
"Charlie Chaplin's ""Easy Street"" (1917)",1917,
The Candy Snatchers(1973),1973,"Exploitation, Horror"
RetroVision Theater Presents Swamp Fire 1946,,
House On Haunted Hill-hd,,
"Criss Cross (1949) Burt Lancaster, Yvonne De Carlo, Dan Duryea",1949,
NOTHING SACRED video quality upgrade,,
"Goodbye, Uncle Tom ( 1971)",1971,
PSYCHO - Featurette,,
Big Bad Mama ( 1974),1974,Action
"""NIGHTMARE CASTLE"" uncut",,
"ORPHANS OF THE STORM ( 1921) D. W. Griffith, Lillian Gish, Dorothy Gish",,
Moon of The Wolf [1972],,
Der Deutsche Scharfshuetze,,
F00000,,
"Charlie Chaplin's ""His Trysting Place""",1914,
Cops (Buster Keaton),,"Light-Gun Shooter, Full Motion Video"
Secret.2007.1080p.BluRay.H264.AAC-VXT,,
Sound Of Horror (1964),,Horror
The Basketball Fix (1951),,"Sport, Crime, Drama"
Angel and the Badman-HD,,
"Charlie Chaplin's ""Charlott Mabel Aux Courses"" aka Gentlemen of Nerve",1914,
"""LES VAMPIRES"" (1915) Episode 1-The Severed Head",,
The House On The Edge Of The Park( 1980),1980,"Rape And Revenge, Exploitation, Horror"
Candy ( 1968) [ HD],1968,
"Charlie Chaplin's ""The Rival Mashers"" aka Those Love Pangs",1914,
Sisters (1972),1972,
Route 66 - an American (bad) Dream,2006,
The Phantom of the Opera (1929),,
Its A Wonderful Life 1946,,
Invasion of the Body Snatchers 1956 colorized,1956,
Desert Of Blood Dvdrip,2008,
Why We Fight: The Battle of Russia - Part 2,1943,
Assorted Silent Comedy Shorts 1,,
"This Gun For Hire (1942) Alan Ladd, Veronica Lake, Robert Preston, Laird Cregar",1942,
The Transatlantic Tunnel 1935,,
Daughters Of Darkness (1971) Escravas do Desejo,1971,
It's Alive (1969),,
Three Stooges Episodes,,
"Rebecca (1940 Film Noir, Thriller, Hitchcock)",1940,
"Notorious (restored) (1946, BW cinematography benchmark, imdb score: 8)",,New Wave
